Contcod,Group,Measure Names,R Rinc,Running Sum of Pop
GTM,1,Running Sum of Population,82,0.8525211
UGA,1,Running Sum of Population,85,2.5007576
SLV,1,Running Sum of Population,87,3.0197141
LSO,1,Running Sum of Population,99,3.1777041
MRT,1,Running Sum of Population,104,3.3669369
HND,1,Running Sum of Population,119,3.8287614
UGA,2,Running Sum of Population,133,5.4769979
NGA,1,Running Sum of Population,136,14.7501283
CRI,1,Running Sum of Population,147,15.0417849
CHN-R,1,Running Sum of Population,157,96.9589945
PAK,1,Running Sum of Population,165,107.4922409
GHA,1,Running Sum of Population,166,108.893336
IDN-U,1,Running Sum of Population,167,114.019932
LSO,2,Running Sum of Population,174,114.177922
GTM,2,Running Sum of Population,177,115.0304431
IDN-R,1,Running Sum of Population,178,127.7045271
UGA,3,Running Sum of Population,180,129.3527636
BGD,1,Running Sum of Population,185,139.3589956
BRA,1,Running Sum of Population,196,153.806034
HND,2,Running Sum of Population,196,154.2678585
IND-R,1,Running Sum of Population,203,217.0785785
UZB,1,Running Sum of Population,203,219.0346965
MRT,2,Running Sum of Population,205,219.2239293
CHN-R,2,Running Sum of Population,207,301.1411389
IND-U,1,Running Sum of Population,210,322.1003853
NGA,2,Running Sum of Population,212,331.3735157
PAK,2,Running Sum of Population,213,341.9067621
IDN-U,2,Running Sum of Population,221,347.0333581
IDN-R,2,Running Sum of Population,230,359.7074421
UGA,4,Running Sum of Population,230,361.3556786
DOM,1,Running Sum of Population,233,362.0463957
BGD,2,Running Sum of Population,235,372.0526277
ECU,1,Running Sum of Population,235,373.0318935
GHA,2,Running Sum of Population,238,374.4329886
UZB,2,Running Sum of Population,238,376.3891066
CHN-R,3,Running Sum of Population,248,458.3063162
PHL,1,Running Sum of Population,255,464.1635234
UZB,3,Running Sum of Population,255,466.1196414
PAK,3,Running Sum of Population,256,476.6528878
LSO,3,Running Sum of Population,257,476.8108778
IDN-R,3,Running Sum of Population,266,489.4849618
IDN-U,3,Running Sum of Population,268,494.6115578
IND-R,2,Running Sum of Population,269,557.4222778
IND-U,2,Running Sum of Population,269,578.3815242
NGA,3,Running Sum of Population,269,587.6546546
BGD,3,Running Sum of Population,277,597.6608866
UZB,4,Running Sum of Population,280,599.6170046
GTM,3,Running Sum of Population,281,600.4695257
UGA,5,Running Sum of Population,283,602.1177622
HND,3,Running Sum of Population,284,602.5795867
CHN-R,4,Running Sum of Population,285,684.4967963
CHN-U,1,Running Sum of Population,291,712.7425883
PAK,4,Running Sum of Population,298,723.2758347
IDN-R,4,Running Sum of Population,300,735.9499187
MRT,3,Running Sum of Population,301,736.1391515
GHA,3,Running Sum of Population,303,737.5402466
NZL,1,Running Sum of Population,306,737.8752466
IDN-U,4,Running Sum of Population,314,743.0018426
IND-R,3,Running Sum of Population,315,805.8125626
BGD,4,Running Sum of Population,316,815.8187946
CHN-R,5,Running Sum of Population,321,897.7360042
IND-U,3,Running Sum of Population,324,918.6952506
NGA,4,Running Sum of Population,326,927.968381
UZB,5,Running Sum of Population,326,929.924499
PHL,2,Running Sum of Population,331,935.7817062
CIV,1,Running Sum of Population,336,936.951138
IDN-R,5,Running Sum of Population,337,949.625222
COL,1,Running Sum of Population,340,952.816547
PAK,5,Running Sum of Population,340,963.3497934
LKA,1,Running Sum of Population,343,965.0096934
THA,1,Running Sum of Population,343,970.5467462
CHL,1,Running Sum of Population,344,971.8200871
UGA,6,Running Sum of Population,346,973.4683236
LSO,4,Running Sum of Population,352,973.6263136
BGD,5,Running Sum of Population,355,983.6325456
IND-R,4,Running Sum of Population,357,1046.4432656
CHN-R,6,Running Sum of Population,360,1128.3604752
IDN-U,5,Running Sum of Population,361,1133.4870712
GHA,4,Running Sum of Population,364,1134.8881663
UZB,6,Running Sum of Population,375,1136.8442843
IDN-R,6,Running Sum of Population,377,1149.5183683
IND-U,4,Running Sum of Population,381,1170.4776147
DZA,1,Running Sum of Population,387,1172.8811383
HND,4,Running Sum of Population,387,1173.3429628
PAK,6,Running Sum of Population,388,1183.8762092
NGA,5,Running Sum of Population,390,1193.1493396
CHN-U,2,Running Sum of Population,392,1221.3951316
MRT,4,Running Sum of Population,395,1221.5843644
BGD,6,Running Sum of Population,398,1231.5905964
GTM,4,Running Sum of Population,402,1232.4431175
IND-R,5,Running Sum of Population,403,1295.2538375
CHN-R,7,Running Sum of Population,404,1377.1710471
PHL,3,Running Sum of Population,410,1383.0282543
IDN-U,6,Running Sum of Population,414,1388.1548503
TUN,1,Running Sum of Population,414,1388.9406122
UGA,7,Running Sum of Population,423,1390.5888487
IDN-R,7,Running Sum of Population,425,1403.2629327
SLV,2,Running Sum of Population,425,1403.7818892
UZB,7,Running Sum of Population,427,1405.7380072
DOM,2,Running Sum of Population,428,1406.4287243
GHA,5,Running Sum of Population,428,1407.8298194
MEX,1,Running Sum of Population,439,1415.930829
IND-U,5,Running Sum of Population,440,1436.8900754
THA,2,Running Sum of Population,440,1442.4271282
PAK,7,Running Sum of Population,444,1452.9603746
BGD,7,Running Sum of Population,447,1462.9666066
IND-R,6,Running Sum of Population,453,1525.7773266
LKA,2,Running Sum of Population,455,1527.4372266
BRA,2,Running Sum of Population,460,1541.884265
BOL,1,Running Sum of Population,461,1542.520612
CHN-R,8,Running Sum of Population,464,1624.4378216
LSO,5,Running Sum of Population,465,1624.5958116
EGY,1,Running Sum of Population,466,1630.0391836
CHN-U,3,Running Sum of Population,470,1658.2849756
CIV,2,Running Sum of Population,471,1659.4544074
NGA,6,Running Sum of Population,474,1668.7275378
IDN-U,7,Running Sum of Population,477,1673.8541338
IDN-R,8,Running Sum of Population,487,1686.5282178
JAM,1,Running Sum of Population,492,1686.7638578
UZB,8,Running Sum of Population,492,1688.7199758
MRT,5,Running Sum of Population,493,1688.9092086
PHL,4,Running Sum of Population,497,1694.7664158
GHA,6,Running Sum of Population,498,1696.1675109
IRN,1,Running Sum of Population,500,1701.3485853
VEN,1,Running Sum of Population,506,1703.2325131
HND,5,Running Sum of Population,508,1703.6943376
IND-U,6,Running Sum of Population,508,1724.653584
BGD,8,Running Sum of Population,513,1734.659816
ECU,2,Running Sum of Population,514,1735.6390818
IND-R,7,Running Sum of Population,514,1798.4498018
PAK,8,Running Sum of Population,520,1808.9830482
UGA,8,Running Sum of Population,531,1810.6312847
LKA,3,Running Sum of Population,533,1812.2911847
CHN-U,4,Running Sum of Population,539,1840.5369767
THA,3,Running Sum of Population,541,1846.0740295
GTM,5,Running Sum of Population,545,1846.9265506
MYS,1,Running Sum of Population,557,1848.6465574
CHN-R,9,Running Sum of Population,562,1930.563767
IDN-U,8,Running Sum of Population,562,1935.690363
NGA,7,Running Sum of Population,578,1944.9634934
GHA,7,Running Sum of Population,581,1946.3645885
IDN-R,9,Running Sum of Population,585,1959.0386725
COL,2,Running Sum of Population,588,1962.2299975
EGY,2,Running Sum of Population,588,1967.6733695
UZB,9,Running Sum of Population,590,1969.6294875
IND-U,7,Running Sum of Population,591,1990.5887339
PHL,5,Running Sum of Population,592,1996.4459411
TTO,1,Running Sum of Population,592,1996.5660635
IND-R,8,Running Sum of Population,594,2059.3767835
CIV,3,Running Sum of Population,601,2060.5462153
DZA,2,Running Sum of Population,602,2062.9497389
MRT,6,Running Sum of Population,604,2063.1389717
CHN-U,5,Running Sum of Population,605,2091.3847637
LSO,6,Running Sum of Population,605,2091.5427537
LKA,4,Running Sum of Population,609,2093.2026537
TUR,1,Running Sum of Population,615,2098.4305037
BGD,9,Running Sum of Population,622,2108.4367357
DOM,3,Running Sum of Population,624,2109.1274528
CRI,2,Running Sum of Population,627,2109.4191094
CHL,2,Running Sum of Population,641,2110.6924503
PAK,9,Running Sum of Population,648,2121.2256967
TUN,2,Running Sum of Population,650,2122.0114586
BOL,2,Running Sum of Population,656,2122.6478056
THA,4,Running Sum of Population,656,2128.1848584
HND,6,Running Sum of Population,660,2128.6466829
CHN-U,6,Running Sum of Population,674,2156.8924749
BRA,3,Running Sum of Population,691,2171.3395133
LKA,5,Running Sum of Population,691,2172.9994133
GHA,8,Running Sum of Population,694,2174.4005084
EGY,3,Running Sum of Population,702,2179.8438804
IDN-U,9,Running Sum of Population,703,2184.9704764
IND-U,8,Running Sum of Population,705,2205.9297228
PHL,6,Running Sum of Population,706,2211.78693
NGA,8,Running Sum of Population,712,2221.0600604
UGA,9,Running Sum of Population,716,2222.7082969
GTM,6,Running Sum of Population,720,2223.560818
IND-R,9,Running Sum of Population,723,2286.371538
CIV,4,Running Sum of Population,729,2287.5409698
SLV,3,Running Sum of Population,732,2288.0599263
MRT,7,Running Sum of Population,737,2288.2491591
DZA,3,Running Sum of Population,746,2290.6526827
JAM,2,Running Sum of Population,751,2290.8883227
CHN-U,7,Running Sum of Population,753,2319.1341147
PRY,1,Running Sum of Population,764,2319.5364775
IRN,2,Running Sum of Population,765,2324.7175519
ECU,3,Running Sum of Population,783,2325.6968177
LKA,6,Running Sum of Population,783,2327.3567177
THA,5,Running Sum of Population,787,2332.8937705
VEN,2,Running Sum of Population,789,2334.7776983
LSO,7,Running Sum of Population,791,2334.9356883
MYS,2,Running Sum of Population,809,2336.6556951
EGY,4,Running Sum of Population,810,2342.0990671
DOM,4,Running Sum of Population,823,2342.7897842
JOR,1,Running Sum of Population,835,2343.0845842
UZB,10,Running Sum of Population,835,2345.0407022
TUN,3,Running Sum of Population,846,2345.8264641
PHL,7,Running Sum of Population,852,2351.6836713
BOL,3,Running Sum of Population,853,2352.3200183
CHN-U,8,Running Sum of Population,855,2380.5658103
COL,3,Running Sum of Population,858,2383.7571353
CHL,3,Running Sum of Population,864,2385.0304762
CIV,5,Running Sum of Population,864,2386.199908
HND,7,Running Sum of Population,865,2386.6617325
GHA,9,Running Sum of Population,881,2388.0628276
DZA,4,Running Sum of Population,886,2390.4663512
LKA,7,Running Sum of Population,895,2392.1262512
IND-U,9,Running Sum of Population,898,2413.0854976
TUR,2,Running Sum of Population,918,2418.3133476
MRT,8,Running Sum of Population,919,2418.5025804
EGY,5,Running Sum of Population,922,2423.9459524
NGA,9,Running Sum of Population,924,2433.2190828
THA,6,Running Sum of Population,944,2438.7561356
BRA,4,Running Sum of Population,945,2453.203174
GTM,7,Running Sum of Population,956,2454.0556951
CRI,3,Running Sum of Population,959,2454.3473517
TTO,2,Running Sum of Population,968,2454.4674741
URY,1,Running Sum of Population,973,2454.7742907
IDN-R,10,Running Sum of Population,986,2467.4483747
JAM,3,Running Sum of Population,999,2467.6840147
CIV,6,Running Sum of Population,1014,2468.8534465
CHN-U,9,Running Sum of Population,1015,2497.0992385
SLV,4,Running Sum of Population,1025,2497.618195
IRN,3,Running Sum of Population,1028,2502.7992694
DZA,5,Running Sum of Population,1036,2505.202793
DOM,5,Running Sum of Population,1037,2505.8935101
TUN,4,Running Sum of Population,1044,2506.679272
EGY,6,Running Sum of Population,1047,2512.122644
LKA,8,Running Sum of Population,1047,2513.782544
PHL,8,Running Sum of Population,1056,2519.6397512
CHN-R,10,Running Sum of Population,1060,2601.5569608
ECU,4,Running Sum of Population,1060,2602.5362266
LSO,8,Running Sum of Population,1064,2602.6942166
BOL,4,Running Sum of Population,1068,2603.3305636
MYS,3,Running Sum of Population,1072,2605.0505704
BGD,10,Running Sum of Population,1091,2615.0568024
JOR,2,Running Sum of Population,1098,2615.3516024
CHL,4,Running Sum of Population,1105,2616.6249433
ARG,1,Running Sum of Population,1107,2619.7978563
VEN,3,Running Sum of Population,1107,2621.6817841
THA,7,Running Sum of Population,1149,2627.2188369
COL,4,Running Sum of Population,1150,2630.4101619
TUR,3,Running Sum of Population,1151,2635.6380119
HND,8,Running Sum of Population,1169,2636.0998364
IRL,1,Running Sum of Population,1189,2636.4523313
CIV,7,Running Sum of Population,1196,2637.6217631
EGY,7,Running Sum of Population,1196,2643.0651351
DZA,6,Running Sum of Population,1205,2645.4686587
MRT,9,Running Sum of Population,1221,2645.6578915
PRY,2,Running Sum of Population,1230,2646.0602543
HUN,1,Running Sum of Population,1243,2647.119903
JAM,4,Running Sum of Population,1248,2647.355543
CRI,4,Running Sum of Population,1252,2647.6471996
IDN-U,10,Running Sum of Population,1257,2652.7737956
PAK,10,Running Sum of Population,1258,2663.307042
BRA,5,Running Sum of Population,1261,2677.7540804
TUN,5,Running Sum of Population,1262,2678.5398423
DOM,6,Running Sum of Population,1285,2679.2305594
LKA,9,Running Sum of Population,1293,2680.8904594
IRN,4,Running Sum of Population,1295,2686.0715338
MEX,2,Running Sum of Population,1298,2694.1725434
GTM,8,Running Sum of Population,1302,2695.0250645
BOL,5,Running Sum of Population,1305,2695.6614115
IND-R,10,Running Sum of Population,1311,2758.4721315
SLV,5,Running Sum of Population,1332,2758.991088
TTO,3,Running Sum of Population,1337,2759.1112104
ECU,5,Running Sum of Population,1352,2760.0904762
MYS,4,Running Sum of Population,1354,2761.810483
JOR,3,Running Sum of Population,1361,2762.105283
CHL,5,Running Sum of Population,1384,2763.378623900
TUR,4,Running Sum of Population,1392,2768.606473900
EGY,8,Running Sum of Population,1399,2774.049845900
PHL,9,Running Sum of Population,1414,2779.907053100
DZA,7,Running Sum of Population,1419,2782.310576700
CIV,8,Running Sum of Population,1443,2783.480008500
THA,8,Running Sum of Population,1443,2789.017061300
VEN,4,Running Sum of Population,1482,2790.900989100
COL,5,Running Sum of Population,1484,2794.092314100
UGA,10,Running Sum of Population,1487,2795.740550600
CHN-U,10,Running Sum of Population,1493,2823.986342600
TUN,6,Running Sum of Population,1510,2824.772104500
JAM,5,Running Sum of Population,1514,2825.007744500
HUN,2,Running Sum of Population,1541,2826.067393200
LSO,9,Running Sum of Population,1562,2826.225383200
NGA,10,Running Sum of Population,1564,2835.498513600
CRI,5,Running Sum of Population,1572,2835.790170200
IRN,5,Running Sum of Population,1581,2840.971244600
BOL,6,Running Sum of Population,1585,2841.607591600
DOM,7,Running Sum of Population,1591,2842.298308700
ISR,1,Running Sum of Population,1614,2842.742508700
GHA,10,Running Sum of Population,1626,2844.143603800
JOR,4,Running Sum of Population,1627,2844.438403800
KAZ,1,Running Sum of Population,1627,2846.051487000
PRY,3,Running Sum of Population,1635,2846.453849800
BLR,1,Running Sum of Population,1637,2847.467849800
TUR,5,Running Sum of Population,1657,2852.695699800
MYS,5,Running Sum of Population,1670,2854.415706600
SLV,6,Running Sum of Population,1670,2854.934663100
POL,1,Running Sum of Population,1684,2858.717111900
URY,2,Running Sum of Population,1684,2859.023928500
ECU,6,Running Sum of Population,1688,2860.003194300
DZA,8,Running Sum of Population,1708,2862.406717900
BRA,6,Running Sum of Population,1713,2876.853756300
ROU,1,Running Sum of Population,1716,2879.159522500
TTO,4,Running Sum of Population,1719,2879.279644900
PRT,1,Running Sum of Population,1722,2880.281605900
LTU,1,Running Sum of Population,1723,2880.647110800
HND,9,Running Sum of Population,1727,2881.108935300
CHL,6,Running Sum of Population,1737,2882.382276200
EGY,9,Running Sum of Population,1738,2887.825648200
IND-U,10,Running Sum of Population,1781,2908.784894600
HUN,3,Running Sum of Population,1793,2909.844543300
MEX,3,Running Sum of Population,1803,2917.945552900
TUN,7,Running Sum of Population,1810,2918.731314800
JAM,6,Running Sum of Population,1815,2918.966954800
ARG,2,Running Sum of Population,1842,2922.139867800
CIV,9,Running Sum of Population,1858,2923.309299600
GBR,1,Running Sum of Population,1866,2929.002132400
COL,6,Running Sum of Population,1891,2932.193457400
IRN,6,Running Sum of Population,1914,2937.374531800
JOR,5,Running Sum of Population,1917,2937.669331800
GTM,9,Running Sum of Population,1935,2938.521852900
BOL,7,Running Sum of Population,1937,2939.158199900
VEN,5,Running Sum of Population,1942,2941.042127700
CRI,6,Running Sum of Population,1947,2941.333784300
PRY,4,Running Sum of Population,1963,2941.736147100
TUR,6,Running Sum of Population,1968,2946.963997100
THA,9,Running Sum of Population,1970,2952.501049900
KOR,1,Running Sum of Population,1977,2956.698549900
ESP,1,Running Sum of Population,1989,2960.570134700
DOM,8,Running Sum of Population,2014,2961.260851800
HUN,4,Running Sum of Population,2024,2962.320500500
MYS,6,Running Sum of Population,2048,2964.040507300
SLV,7,Running Sum of Population,2072,2964.559463800
ECU,7,Running Sum of Population,2101,2965.538729600
TTO,5,Running Sum of Population,2136,2965.658852000
KAZ,2,Running Sum of Population,2155,2967.271935200
JAM,7,Running Sum of Population,2183,2967.507575200
EST,1,Running Sum of Population,2188,2967.663765200
BRA,7,Running Sum of Population,2194,2982.110803600
DZA,9,Running Sum of Population,2195,2984.514327200
BLR,2,Running Sum of Population,2204,2985.528327200
TUN,8,Running Sum of Population,2207,2986.314089100
CYP,1,Running Sum of Population,2225,2986.387742200
MEX,4,Running Sum of Population,2231,2994.488751800
CHL,7,Running Sum of Population,2239,2995.762092700
JOR,6,Running Sum of Population,2246,2996.056892700
HUN,5,Running Sum of Population,2250,2997.116541400
PRY,5,Running Sum of Population,2257,2997.518904200
URY,3,Running Sum of Population,2258,2997.825720800
POL,2,Running Sum of Population,2278,3001.608169600
ITA,1,Running Sum of Population,2279,3007.271098400
LTU,2,Running Sum of Population,2303,3007.636603300
IRN,7,Running Sum of Population,2320,3012.817677700
MRT,10,Running Sum of Population,2339,3013.006910500
TUR,7,Running Sum of Population,2357,3018.234760500
CRI,7,Running Sum of Population,2384,3018.526417100
IRL,2,Running Sum of Population,2387,3018.878912000
COL,7,Running Sum of Population,2412,3022.070237000
ROU,2,Running Sum of Population,2420,3024.376003200
BOL,8,Running Sum of Population,2430,3025.012350200
FRA,1,Running Sum of Population,2437,3030.779243400
ISR,2,Running Sum of Population,2489,3031.223443400
HUN,6,Running Sum of Population,2496,3032.283092100
LKA,10,Running Sum of Population,2507,3033.942992100
VEN,6,Running Sum of Population,2516,3035.826919900
MYS,7,Running Sum of Population,2526,3037.546926700
BLR,3,Running Sum of Population,2560,3038.560926700
ARG,3,Running Sum of Population,2565,3041.733839700
PRT,2,Running Sum of Population,2569,3042.735800700
KAZ,3,Running Sum of Population,2595,3044.348883900
TTO,6,Running Sum of Population,2611,3044.469006300
SLV,8,Running Sum of Population,2616,3044.987962800
MEX,5,Running Sum of Population,2627,3053.088972400
GRC,1,Running Sum of Population,2634,3054.092670700
USA,1,Running Sum of Population,2636,3078.542571500
NLD,1,Running Sum of Population,2652,3080.018580900
JOR,7,Running Sum of Population,2656,3080.313380900
LTU,3,Running Sum of Population,2673,3080.678885800
ECU,8,Running Sum of Population,2674,3081.658151600
JAM,8,Running Sum of Population,2688,3081.893791600
POL,3,Running Sum of Population,2732,3085.676240400
DOM,9,Running Sum of Population,2741,3086.366957500
SVN,1,Running Sum of Population,2762,3086.566477100
HUN,7,Running Sum of Population,2778,3087.626125800
URY,4,Running Sum of Population,2788,3087.932942400
SVK,1,Running Sum of Population,2803,3088.458002000
BGR,1,Running Sum of Population,2829,3089.356146600
TUN,9,Running Sum of Population,2839,3090.141908500
PRY,6,Running Sum of Population,2848,3090.544271300
PHL,10,Running Sum of Population,2884,3096.401478500
IRN,8,Running Sum of Population,2886,3101.582552900
BLR,4,Running Sum of Population,2889,3102.596552900
NZL,2,Running Sum of Population,2889,3102.931552900
AUS,1,Running Sum of Population,2890,3104.584772900
TUR,8,Running Sum of Population,2899,3109.812622900
ROU,3,Running Sum of Population,2916,3112.118389100
CRI,8,Running Sum of Population,2997,3112.410045700
IRL,3,Running Sum of Population,3000,3112.762540600
KAZ,4,Running Sum of Population,3002,3114.375623800
MEX,6,Running Sum of Population,3006,3122.476633400
EST,2,Running Sum of Population,3016,3122.632823400
LTU,4,Running Sum of Population,3020,3122.998328300
CHL,8,Running Sum of Population,3030,3124.271669200
CYP,2,Running Sum of Population,3065,3124.345322300
CZE,1,Running Sum of Population,3113,3125.380849900
PRT,3,Running Sum of Population,3117,3126.382810900
POL,4,Running Sum of Population,3126,3130.165259700
BRA,8,Running Sum of Population,3137,3144.612298100
ISR,3,Running Sum of Population,3137,3145.056498100
HUN,8,Running Sum of Population,3154,3146.116146800
COL,8,Running Sum of Population,3158,3149.307471800
TTO,7,Running Sum of Population,3196,3149.427594200
MYS,8,Running Sum of Population,3206,3151.147601000
JOR,8,Running Sum of Population,3214,3151.442401000
BLR,5,Running Sum of Population,3222,3152.456401000
KOR,2,Running Sum of Population,3222,3156.653901000
EGY,10,Running Sum of Population,3236,3162.097273000
LVA,1,Running Sum of Population,3265,3162.362616400
BOL,9,Running Sum of Population,3279,3162.998963400
PRY,7,Running Sum of Population,3280,3163.401326200
VEN,7,Running Sum of Population,3290,3165.285254000
ARG,4,Running Sum of Population,3307,3168.458167000
ESP,2,Running Sum of Population,3320,3172.329751800
ROU,4,Running Sum of Population,3328,3174.635518000
LTU,5,Running Sum of Population,3367,3175.001022900
MEX,7,Running Sum of Population,3374,3183.102032500
SVK,2,Running Sum of Population,3376,3183.627092100
CIV,10,Running Sum of Population,3386,3184.796523900
URY,5,Running Sum of Population,3393,3185.103340500
KAZ,5,Running Sum of Population,3406,3186.716423700
POL,5,Running Sum of Population,3502,3190.498872500
SLV,9,Running Sum of Population,3529,3191.017829000
JAM,9,Running Sum of Population,3552,3191.253469000
BLR,6,Running Sum of Population,3574,3192.267469000
EST,3,Running Sum of Population,3584,3192.423659000
IRL,4,Running Sum of Population,3623,3192.776153900
ITA,2,Running Sum of Population,3640,3198.439082700
SVN,2,Running Sum of Population,3642,3198.638602300
ECU,9,Running Sum of Population,3651,3199.617868100
BGR,2,Running Sum of Population,3654,3200.516012700
PRT,4,Running Sum of Population,3667,3201.517973700
CYP,3,Running Sum of Population,3679,3201.591626800
ROU,5,Running Sum of Population,3707,3203.897393000
LTU,6,Running Sum of Population,3733,3204.262897900
MEX,8,Running Sum of Population,3745,3212.363907500
BEL,1,Running Sum of Population,3753,3213.354073900
HUN,9,Running Sum of Population,3758,3214.413722600
TUR,9,Running Sum of Population,3817,3219.641572600
SVK,3,Running Sum of Population,3820,3220.166632200
CZE,2,Running Sum of Population,3823,3221.202159800
CAN,1,Running Sum of Population,3832,3223.891659800
KAZ,6,Running Sum of Population,3834,3225.504743000
IRN,9,Running Sum of Population,3853,3230.685817400
ISR,4,Running Sum of Population,3858,3231.130017400
POL,6,Running Sum of Population,3896,3234.912466200
BLR,7,Running Sum of Population,3966,3235.926466200
KOR,3,Running Sum of Population,3975,3240.123966200
TTO,8,Running Sum of Population,4005,3240.244088600
DNK,1,Running Sum of Population,4024,3240.757040200
CRI,9,Running Sum of Population,4055,3241.048696800
GRC,2,Running Sum of Population,4088,3242.052395100
ESP,3,Running Sum of Population,4090,3245.923979900
URY,6,Running Sum of Population,4093,3246.230796500
ARG,5,Running Sum of Population,4094,3249.403709500
FIN,1,Running Sum of Population,4095,3249.898357600
ROU,6,Running Sum of Population,4095,3252.204123800
EST,4,Running Sum of Population,4121,3252.360313800
MEX,9,Running Sum of Population,4133,3260.461323400
LTU,7,Running Sum of Population,4141,3260.826828300
LSO,10,Running Sum of Population,4145,3260.984818300
JOR,9,Running Sum of Population,4158,3261.279618300
GBR,2,Running Sum of Population,4178,3266.972451100
SVK,4,Running Sum of Population,4218,3267.497510700
CYP,4,Running Sum of Population,4224,3267.571163800
PRT,5,Running Sum of Population,4247,3268.573124800
SVN,3,Running Sum of Population,4281,3268.772644400
BGR,3,Running Sum of Population,4292,3269.670789000
PRY,8,Running Sum of Population,4306,3270.073151800
KAZ,7,Running Sum of Population,4330,3271.686235000
IRL,5,Running Sum of Population,4332,3272.038729900
POL,7,Running Sum of Population,4338,3275.821178700
CZE,3,Running Sum of Population,4362,3276.856706300
LVA,2,Running Sum of Population,4378,3277.122049700
MYS,9,Running Sum of Population,4401,3278.842056500
BLR,8,Running Sum of Population,4438,3279.856056500
VEN,8,Running Sum of Population,4458,3281.739984300
COL,9,Running Sum of Population,4492,3284.931309300
ITA,3,Running Sum of Population,4504,3290.594238100
THA,10,Running Sum of Population,4519,3296.131290900
ROU,7,Running Sum of Population,4524,3298.437057100
SVK,5,Running Sum of Population,4605,3298.962116700
MEX,10,Running Sum of Population,4621,3307.063126300
LTU,8,Running Sum of Population,4629,3307.428631200
EST,5,Running Sum of Population,4647,3307.584821200
ISR,5,Running Sum of Population,4672,3308.029021200
KOR,4,Running Sum of Population,4672,3312.226521200
CHL,9,Running Sum of Population,4708,3313.499862100
ESP,4,Running Sum of Population,4768,3317.371446900
NLD,2,Running Sum of Population,4791,3318.847456300
CYP,5,Running Sum of Population,4819,3318.921109400
SVN,4,Running Sum of Population,4829,3319.120629000
CZE,4,Running Sum of Population,4831,3320.156156600
BGR,4,Running Sum of Population,4851,3321.054301200
PRT,6,Running Sum of Population,4884,3322.056262200
POL,8,Running Sum of Population,4916,3325.838711000
URY,7,Running Sum of Population,4920,3326.145527600
DZA,10,Running Sum of Population,4941,3328.549051200
KAZ,8,Running Sum of Population,4953,3330.162134400
IRL,6,Running Sum of Population,4995,3330.514629300
ARG,6,Running Sum of Population,4996,3333.687542300
SVK,6,Running Sum of Population,4997,3334.212601900
BRA,9,Running Sum of Population,5012,3348.659640300
FRA,2,Running Sum of Population,5036,3354.426533500
ROU,8,Running Sum of Population,5061,3356.732299700
BLR,9,Running Sum of Population,5097,3357.746299700
GRC,3,Running Sum of Population,5105,3358.749998000
DEU,1,Running Sum of Population,5114,3366.564459600
LVA,3,Running Sum of Population,5117,3366.829803000
EST,6,Running Sum of Population,5210,3366.985993000
CZE,5,Running Sum of Population,5271,3368.021520600
AUS,2,Running Sum of Population,5284,3369.674740600
GBR,3,Running Sum of Population,5305,3375.367573400
LTU,9,Running Sum of Population,5307,3375.733078300
SVN,5,Running Sum of Population,5345,3375.932597900
KOR,5,Running Sum of Population,5347,3380.130097900
TTO,9,Running Sum of Population,5358,3380.250220300
BGR,5,Running Sum of Population,5384,3381.148364900
ITA,4,Running Sum of Population,5398,3386.811293700
SVK,7,Running Sum of Population,5457,3387.336353300
BEL,2,Running Sum of Population,5470,3388.326519700
HND,10,Running Sum of Population,5501,3388.788344200
CYP,6,Running Sum of Population,5507,3388.861997300
ISR,6,Running Sum of Population,5521,3389.306197300
ESP,5,Running Sum of Population,5534,3393.177782100
TUN,10,Running Sum of Population,5571,3393.963544000
GTM,10,Running Sum of Population,5626,3394.816065100
PRT,7,Running Sum of Population,5637,3395.818026100
PRY,9,Running Sum of Population,5675,3396.220388900
NLD,3,Running Sum of Population,5696,3397.696398300
FIN,2,Running Sum of Population,5729,3398.191046400
CZE,6,Running Sum of Population,5734,3399.226574000
USA,2,Running Sum of Population,5770,3423.676474800
HUN,10,Running Sum of Population,5806,3424.736123500
LVA,4,Running Sum of Population,5806,3425.001466900
EST,7,Running Sum of Population,5809,3425.157656900
IRL,7,Running Sum of Population,5813,3425.510151800
POL,9,Running Sum of Population,5825,3429.292600600
SVN,6,Running Sum of Population,5881,3429.492120200
ROU,9,Running Sum of Population,5886,3431.797886400
KAZ,9,Running Sum of Population,5909,3433.410969600
JPN,1,Running Sum of Population,5929,3445.672269600
BGR,6,Running Sum of Population,5942,3446.5704142
SVK,8,Running Sum of Population,6040,3447.095473800
URY,8,Running Sum of Population,6069,3447.4022904
GRC,4,Running Sum of Population,6077,3448.4059887
DOM,10,Running Sum of Population,6091,3449.0967058
KOR,6,Running Sum of Population,6100,3453.2942058
ARG,7,Running Sum of Population,6116,3456.4671188
AUT,1,Running Sum of Population,6137,3457.2256505
NZL,3,Running Sum of Population,6156,3457.5606505
GBR,4,Running Sum of Population,6205,3463.2534833
FRA,3,Running Sum of Population,6206,3469.0203765
ITA,5,Running Sum of Population,6221,3474.6833053
CZE,7,Running Sum of Population,6245,3475.7188329
BOL,10,Running Sum of Population,6312,3476.3551799
CYP,7,Running Sum of Population,6373,3476.428833
ESP,6,Running Sum of Population,6382,3480.3004178
BEL,3,Running Sum of Population,6405,3481.2905842
SVN,7,Running Sum of Population,6477,3481.4901038
LVA,5,Running Sum of Population,6486,3481.7554472
EST,8,Running Sum of Population,6507,3481.9116372
BGR,7,Running Sum of Population,6575,3482.8097818
AUS,3,Running Sum of Population,6589,3484.4630018
VEN,9,Running Sum of Population,6591,3486.3469296
NLD,4,Running Sum of Population,6619,3487.822939
PRT,8,Running Sum of Population,6622,3488.8249
FIN,3,Running Sum of Population,6629,3489.3195481
ISR,7,Running Sum of Population,6645,3489.7637481
CAN,2,Running Sum of Population,6751,3492.4532481
CZE,8,Running Sum of Population,6901,3493.4887757
GRC,5,Running Sum of Population,6922,3494.492474
SVK,9,Running Sum of Population,6944,3495.0175336
IRL,8,Running Sum of Population,6951,3495.3700285
BLR,10,Running Sum of Population,7030,3496.3840285
KOR,7,Running Sum of Population,7043,3500.5815285
GBR,5,Running Sum of Population,7211,3506.2743613
LVA,6,Running Sum of Population,7211,3506.5397047
LTU,10,Running Sum of Population,7233,3506.9052096
DNK,2,Running Sum of Population,7252,3507.4181612
SLV,10,Running Sum of Population,7257,3507.9371177
SVN,8,Running Sum of Population,7258,3508.1366373
ITA,6,Running Sum of Population,7273,3513.7995661
BEL,4,Running Sum of Population,7332,3514.7897325
ESP,7,Running Sum of Population,7340,3518.6613173
FRA,4,Running Sum of Population,7389,3524.4282105
BGR,8,Running Sum of Population,7400,3525.3263551
FIN,4,Running Sum of Population,7408,3525.8210032
EST,9,Running Sum of Population,7424,3525.9771932
DEU,2,Running Sum of Population,7446,3533.7916548
CYP,8,Running Sum of Population,7473,3533.8653079
JOR,10,Running Sum of Population,7473,3534.1601079
NLD,5,Running Sum of Population,7498,3535.6361173
JPN,2,Running Sum of Population,7621,3547.8974173
ARG,8,Running Sum of Population,7645,3551.0703303
NZL,4,Running Sum of Population,7676,3551.4053303
AUS,4,Running Sum of Population,7711,3553.0585503
JAM,10,Running Sum of Population,7733,3553.2941903
CZE,9,Running Sum of Population,7904,3554.3297179
URY,9,Running Sum of Population,7990,3554.6365345
ROU,10,Running Sum of Population,8002,3556.9423007
LVA,7,Running Sum of Population,8017,3557.2076441
ISR,8,Running Sum of Population,8023,3557.6518441
GRC,6,Running Sum of Population,8075,3558.6555424
CRI,10,Running Sum of Population,8095,3558.947199
IRN,10,Running Sum of Population,8150,3564.1282734
FIN,5,Running Sum of Population,8168,3564.6229215
KAZ,10,Running Sum of Population,8168,3566.2360047
USA,3,Running Sum of Population,8180,3590.6859055
BEL,5,Running Sum of Population,8237,3591.6760719
KOR,8,Running Sum of Population,8302,3595.8735719
GBR,6,Running Sum of Population,8324,3601.5664047
AUT,2,Running Sum of Population,8333,3602.3249364
PRT,9,Running Sum of Population,8364,3603.3268974
ITA,7,Running Sum of Population,8443,3608.9898262
SVN,9,Running Sum of Population,8489,3609.1893458
CAN,3,Running Sum of Population,8503,3611.8788458
FRA,5,Running Sum of Population,8542,3617.645739
DNK,3,Running Sum of Population,8559,3618.1586906
ESP,8,Running Sum of Population,8566,3622.0302754
JPN,3,Running Sum of Population,8612,3634.2915754
POL,10,Running Sum of Population,8668,3638.0740242
BGR,9,Running Sum of Population,8678,3638.9721688
NLD,6,Running Sum of Population,8691,3640.4481782
DEU,3,Running Sum of Population,8744,3648.2626398
ECU,10,Running Sum of Population,8778,3649.2419056
IRL,9,Running Sum of Population,8864,3649.5944005
AUS,5,Running Sum of Population,8904,3651.2476205
FIN,6,Running Sum of Population,8953,3651.7422686
LVA,8,Running Sum of Population,8968,3652.007612
BEL,6,Running Sum of Population,9132,3652.9977784
TUR,10,Running Sum of Population,9155,3658.2256284
CYP,9,Running Sum of Population,9305,3658.2992815
GRC,7,Running Sum of Population,9347,3659.3029798
SVK,10,Running Sum of Population,9365,3659.8280394
JPN,4,Running Sum of Population,9507,3672.0893394
GBR,7,Running Sum of Population,9557,3677.7821722
EST,10,Running Sum of Population,9591,3677.9383622
DNK,4,Running Sum of Population,9656,3678.4513138
AUT,3,Running Sum of Population,9790,3679.2098455
FRA,6,Running Sum of Population,9790,3684.9767387
NZL,5,Running Sum of Population,9841,3685.3117387
ITA,8,Running Sum of Population,9878,3690.9746675
FIN,7,Running Sum of Population,9909,3691.4693156
TTO,10,Running Sum of Population,9914,3691.589438
CAN,4,Running Sum of Population,9973,3694.278938
NLD,7,Running Sum of Population,10021,3695.7549474
DEU,4,Running Sum of Population,10086,3703.569409
ISR,9,Running Sum of Population,10152,3704.013609
BEL,7,Running Sum of Population,10195,3705.0037754
KOR,9,Running Sum of Population,10216,3709.2012754
LVA,9,Running Sum of Population,10250,3709.4666188
ARG,9,Running Sum of Population,10280,3712.6395318
USA,4,Running Sum of Population,10312,3737.0894326
MYS,10,Running Sum of Population,10335,3738.8094394
CZE,10,Running Sum of Population,10449,3739.844967
AUS,6,Running Sum of Population,10469,3741.498187
JPN,5,Running Sum of Population,10495,3753.759487
ESP,9,Running Sum of Population,10586,3757.6310718
PRY,10,Running Sum of Population,10604,3758.0334346
DNK,5,Running Sum of Population,10751,3758.5463862
AUT,4,Running Sum of Population,11059,3759.3049179
FIN,8,Running Sum of Population,11112,3759.799566
GRC,8,Running Sum of Population,11164,3760.8032643
FRA,7,Running Sum of Population,11236,3766.5701575
GBR,8,Running Sum of Population,11239,3772.2629903
CAN,5,Running Sum of Population,11417,3774.9524903
DEU,5,Running Sum of Population,11444,3782.7669519
COL,10,Running Sum of Population,11476,3785.9582769
BEL,8,Running Sum of Population,11596,3786.9484433
JPN,6,Running Sum of Population,11684,3799.2097433
NLD,8,Running Sum of Population,11893,3800.6857527
DNK,6,Running Sum of Population,11967,3801.1987043
ITA,9,Running Sum of Population,12109,3806.8616331
NZL,6,Running Sum of Population,12244,3807.1966331
AUT,5,Running Sum of Population,12331,3807.9551648
AUS,7,Running Sum of Population,12345,3809.6083848
BGR,10,Running Sum of Population,12424,3810.5065294
USA,5,Running Sum of Population,12441,3834.9564302
SVN,10,Running Sum of Population,12548,3835.1559498
FIN,9,Running Sum of Population,12873,3835.6505979
DEU,6,Running Sum of Population,13011,3843.4650595
CAN,6,Running Sum of Population,13101,3846.1545595
JPN,7,Running Sum of Population,13175,3858.4158595
FRA,8,Running Sum of Population,13195,3864.1827527
CHL,10,Running Sum of Population,13336,3865.4560936
DNK,7,Running Sum of Population,13387,3865.9690452
GBR,9,Running Sum of Population,13674,3871.661878
AUT,6,Running Sum of Population,13689,3872.4204097
LVA,10,Running Sum of Population,13712,3872.6857531
BEL,9,Running Sum of Population,13755,3873.6759195
GRC,9,Running Sum of Population,13798,3874.6796178
PRT,10,Running Sum of Population,14080,3875.6815788
NZL,7,Running Sum of Population,14321,3876.0165788
DEU,7,Running Sum of Population,14686,3883.8310404
AUS,8,Running Sum of Population,14849,3885.4842604
USA,6,Running Sum of Population,14861,3909.9341612
JPN,8,Running Sum of Population,15075,3922.1954612
NLD,9,Running Sum of Population,15075,3923.6714706
BRA,10,Running Sum of Population,15081,3938.118509
AUT,7,Running Sum of Population,15204,3938.8770407
DNK,8,Running Sum of Population,15205,3939.3899923
CAN,7,Running Sum of Population,15207,3942.0794923
CYP,10,Running Sum of Population,15540,3942.1531454
IRL,10,Running Sum of Population,15603,3942.5056403
VEN,10,Running Sum of Population,15618,3944.3895681
URY,10,Running Sum of Population,16242,3944.6963847
FRA,9,Running Sum of Population,16274,3950.4632779
ISR,10,Running Sum of Population,16920,3950.9074779
NZL,8,Running Sum of Population,16942,3951.2424779
DEU,8,Running Sum of Population,16973,3959.0569395
AUT,8,Running Sum of Population,17063,3959.8154712
ESP,10,Running Sum of Population,17723,3963.687056
FIN,10,Running Sum of Population,17806,3964.1817041
USA,7,Running Sum of Population,17860,3988.6316049
DNK,9,Running Sum of Population,17907,3989.1445565
JPN,9,Running Sum of Population,18078,4001.4058565
CAN,8,Running Sum of Population,18087,4004.0953565
AUS,9,Running Sum of Population,18784,4005.7485765
KOR,10,Running Sum of Population,19432,4009.9460765
AUT,9,Running Sum of Population,19638,4010.7046082
ITA,10,Running Sum of Population,19681,4016.367537
DEU,9,Running Sum of Population,20268,4024.1819986
BEL,10,Running Sum of Population,20652,4025.172165
NZL,9,Running Sum of Population,20687,4025.507165
USA,8,Running Sum of Population,21485,4049.9570658
ARG,10,Running Sum of Population,22020,4053.1299788
GBR,10,Running Sum of Population,22217,4058.8228116
CAN,9,Running Sum of Population,22462,4061.5123116
NLD,10,Running Sum of Population,22806,4062.988321
GRC,10,Running Sum of Population,23636,4063.9920193
FRA,10,Running Sum of Population,26635,4069.7589125
JPN,10,Running Sum of Population,26920,4082.0202125
USA,9,Running Sum of Population,27285,4106.4701133
AUT,10,Running Sum of Population,27312,4107.228645
DNK,10,Running Sum of Population,27387,4107.7415966
AUS,10,Running Sum of Population,28953,4109.3948166
NZL,10,Running Sum of Population,29393,4109.7298166
DEU,10,Running Sum of Population,31358,4117.5442782
CAN,10,Running Sum of Population,34682,4120.2337782
USA,10,Running Sum of Population,43279,4144.683679
